EXAMPLE	SOURCE	REFERENCE	REFERENCE_PAGE	CAT	GROUPID	EDITOR	COMMENT	VERSION	COMMENT_INTERN
Вероятно, различий гораздо больше.	PS			EXIST, EPIST	BS0001	Barbara		1	
Господа молча обнялись.	PS			RECI	BS0002	Barbara		1	
Я немного испугался.	PS			ITR	BS0003	Barbara		1	
Je možné, že rozdílů je víc.	PS			EXIST, EPIST	BS0004	Barbara		1	
Možda ima više razlika.	PS			EXIST, EPIST	BS0004	Barbara		1	
Gospoda nemo su se zagrlili.	PS			RECI	BS0005	Barbara		1	
Malo se uplaših.	PS			ITR, DROP	BS0006	Barbara		1	
Jacek rozbil Robertowi samochód.		Šarić (2002)		POSS	BS0007	Barbara		1	
Jacek rozbil samochód Roberta.		Šarić (2002)		POSS	BS0007	Barbara		1	
Я найму тебе адвоката.	NKRJa			PFUT, DOM-ANIM	BS0009	Barbara		1	zu diskutieren: sollen Sätze wie diese beiden verknüpft werden? In der Gegenüberstellung zeigen sich die Bedingungen an DOM. und: soll hier auch der erste Satz mit 'DOM' annotiert werden?
Я найму тебе отдельную комнату.	NKRJa			PFUT, DOM-ANIM	BS0009	Barbara		1	
Tam bychom byli sami.	PS			HYP	BS0010	Barbara		1	diese Sätze sollten als Parallebeispiele miteinander verknüpft werden (hier trotz Übersetzung unproblematisch)
Tam byli by śmy sami.	PS			HYP	BS0010	Barbara		1	
Tamo bismo bili sami.	PS			HYP	BS0010	Barbara		1	
Там мы были бы одни.	PS			HYP	BS0010	Barbara		1	
Zlih ljudi nema na svijetu.	PS			DOM, EXIST-NEG	BS0011	Barbara		1	
Злых людей нет на свете.	PS			DSM, EXIST-NEG	BS0011	Barbara		1	
Ты мне палец сломала.	OPUS			POSS	BS0012	Barbara		1	
Когда-то она была учительницей начальной школы, и неплохой ― дети её любили.	NKRJa			NOMPRED	BS0013	Barbara	This example has been adapted from the original source.	1	zweimal Prädikatsnomen, mit Ins bzw. Nom
Она была учительница и постеснялась идти по деревне в неприличном виде.	NKRJa			NOMPRED	BS0013	Barbara		1	
Какая она стала большая!	NKRJa			NOMPRED	BS0014	Barbara		1	
Она стала серьезной.	NKRJa			NOMPRED	BS0014	Barbara		1	zweimal Prädikatsnomen, mit Ins bzw. Nom
Семен обзвонил городские гостиницы, но ни Светланы, ни Влада не нашел.	NKRJa			DOM-NEG	BS0015	Barbara		1	negiertes Objekt, mit Gen bzw Akk (bei jeweils hochindividualisierten Referenten)
Я не нашла маму с сестренкой, еду без них.	NKRJa			DOM-NEG	BS0015	Barbara		1	
Она видела папу римского.	NKRJa			DOM-ANIM, AGRSEM	BS0016	Barbara		1	interessant wg. interaktion von formaler & semantischer Kongruenz & DOM-ANIM innerhalb der Objekt-NP
Сама бы профессором стала.	NKRJa			NOMPRED, AGRSEM	BS0017	Barbara		1	
Naučićeš vrlo brzo.	PS			FUTUR	BS0018	Barbara		1	
To neću raditi ja, to ćete uraditi vi sami.	PS			FUTUR	BS0018	Barbara		1	Unterschiedliche Kohäsion beim Futur in beiden Sätzen; passt/reicht hier FUTUR?
Boli me glava.	PS			POSS	BS0019	Barbara		1	mit dem ru Bsp verbinden, um die Unterschiede in der Konstruktion zu zeigen? Oder völlig unabhängig erfassen?
У меня голова заболела.	PS			POSS	BS0019	Barbara		1	
У меня тут подарочек.	PS			POSS	BS0020	Barbara		1	
Šta, imaš samo tu haljinu?	PS			POSS	BS0021	Barbara		1	
Imaš li neki plan?	PS			POSS, IDEFIN, NSPEC	BS0022	Barbara		1	
Gde ti je revolver?	PS			POSS	BS0023	Barbara		1	
To si sigurno pročitao u nekoj grčkoj knjizi?	PS			IDEFIN, SPEC	BS0024	Barbara		1	
Co si tedy máme zvolit?	PS			SA-DIR	BS0025	Barbara		1	
Мне ждать тебя?	PS			SA-DIR, IPER	BS0026	Barbara		1	
Opravdu, jsou knihy pro den a knihy, které můžete číst jen v noci.	PS			EXIST, RC	BS0027	Barbara		1	
Jsou to otázky, na které není odpověď.	PS			NOMPRED, RC	BS0028	Barbara		1	
Зачем мне это делать?	PS			SA-DIR, IPER	BS0029	Barbara		1	
Пусть сам принесет в сад вечером.	PS			SA-DIR, DROP	BS0030	Barbara		1	
Что говорить, о чем?	PS			SA-DIR, IPER	BS0031	Barbara		1	
Ali pustite me da objasnim što se dogodilo jutros.	PS			SA-DIR	BS0032	Barbara		1	
Ale nechte mě napřed objasnit, co se stalo dnes ráno.	PS			SA-DIR	BS0033	Barbara		1	
Dobar znamen za susret.	PS			IDEFIN	BS0034	Barbara		1	
Odakle znaš da sam ja onaj dobri stari Štakor koji je doletio ovamo prije dvije godine.	PS			DEFIN	BS0034	Barbara		1	
Kažu da je jako skup i krhak.	PS			EVID, DROP	BS0035	Barbara		1	
Prý je velice drahý a taky křehký.	PS			EVID, DROP	BS0036	Barbara		1	
Svi stadoše gledati jedni u druge.	PS			RECI	BS0037	Barbara		1	
Wszyscy spojrzeli jedni po drugich.	PS			RECI	BS0037	Barbara		1	
Все переглянулись.	PS			RECI	BS0037	Barbara		1	
Только после этого он дал себя убедить.	PS			GIVE	BS0038	Barbara		1	
А Малахия дал нам понять, что кто-то ему что-то похожее предсказал.	PS			GIVE, IDEFIN, SPEC	BS0039	Barbara		1	
Však uvidíš sám, jaký palác si dal vystavět.	PS			GIVE, DROP	BS0040	Barbara		1	
Isto kao njena kći, i Terezina majka je voljela da se posmatra u ogledalu.	PS			REFL	BS0041	Barbara		1	
Podobnie jak jej córka, matka Teresy lubiła patrzeć w lustro.	PS			REFL	BS0041	Barbara		1	
Stejně jako její dcera i Terezina matka se ráda dívala do zrcadla.	PS			REFL	BS0041	Barbara		1	
Она так же, как и ее дочь, любила смотреться в зеркало.	PS			REFL	BS0041	Barbara		1	
I tak se dá ovlivnit představení.	CNC			GIVE	BS0042	Barbara		1	
Před fotografiemi se nedá utéct.	CNC			GIVE	BS0043	Barbara		1	
Děda se dal do řeči a vyprávěl, že [...]	CNC			GIVE	BS0044	Barbara	This example has been adapted from the original source.	1	
Dalo by se předpokládat, že [...]	CNC			GIVE	BS0045	Barbara	This example has been adapted from the original source.	1	
Специалист добавила, что [...]	AiF			AGRSEM	BS0046	Barbara	This example has been adapted from the original source.	1	
Это было одной из причин, почему она стала моей подругой.	NKRJa			NOMPRED	BS0047	Barbara		1	
Было темно и прохладно.	PS			IPER	BS0050	Barbara		1	
Новым командиром МКС стал космонавт Шкаплеров.	AiF			NOMPRED	BS0051	Barbara		1	
Девушка побежала в магазин и купила молоко и сыр.	NKRJa			DOM	BS0052	Barbara		1	
Настя вышла в магазин, купила молока и хлеба и сразу вернулась.	NKRJa			DOM	BS0052	Barbara		1	
Ola pochlapała Kasi kurtkę.		Šarić (2002)		POSS	BS0054	Barbara		1	
Taj savetnik je malopre kod Patrijaršijskih ribnjaka ubio Mišu Berlioza.	PS			DOM	BS0055	Barbara		1	formales Agreement auch anzeigen?
Сколько раз тебе говорить?	NKRJa			IPER, SA-DIR	BS0056	Barbara		1	
Мы поцеловались, обнялись, распрощались, и Слава побежал домой.	NKRJa			RECI	BS0057	Barbara		1	
Тарелка выскользнула из рук, разбилась.	NKRJa			ITR	BS0058	Barbara		1	
Cóż więc zrobimy teraz?	PS			SA-DIR, DEO	BS0059	Barbara		1	
Więc co mam robić?	PS			SA-DIR, DEO	BS0059	Barbara		1	
Co tedy máme dělat?	PS			SA-DIR, DEO	BS0060	Barbara		1	
Kod nas u stanu ničeg takvog nema.	PS			EXIST, DOM	BS0061	Barbara		1	
Mówi się, że jest bardzo drogi i kruchy.	PS			EVID	BS0062	Barbara		1	
Priča se da je veoma skupa, i krhka.	PS			EVID	BS0062	Barbara		1	
Говорят, он дорог и недолговечен.	PS			EVID	BS0062	Barbara		1	
I šta sad da ti radim zbog toga?	PS			SA-DIR, DEO	BS0063	Barbara		1	
Ako je neko imao nešto na glavi sad je bio poslednji trenutak da to skine.	PS			RC	BS0064	Barbara		1	
Kdo měl ještě pokrytou hlavu, smekl teď čepici.	PS			RC	BS0064	Barbara		1	
Kto dotąd nie zdjął jeszcze czapki, ściągał ją teraz.	PS			RC	BS0064	Barbara		1	
Те, кто еще не снял шляпу, поспешил хотя бы теперь обнажить голову.	PS			RC	BS0064	Barbara		1	nicht in allen Sprachen eine Rel-Konstr, aber deshalb interessant; Problem: können wir bcsm als REL annotieren?
Он всегда боялся, как бы его не обворовали.	NKRJa			APPR	BW0001	Björn		1	
Krwi tyle, że niech Bóg uchowa!	NKJP			SA-OPT	BW0002	Björn		1	
Он ее руку не показывает, а ты ухитрись и посмотри.	NKRJa			ECH, IMPP, PCOORD	BW0003	Björn		1	
Галкин, в свою очередь, взял и заговорил на кабардинском языке!	Komsomol’skaja pravda, 06/08/2008			TAKE, PCOORD	BW0004	Björn		1	
Lubię psy, ale nie lubię kotów.				DOM-NEG	BW0005	Björn		1	
Nalała sobie herbaty.				DOM-IND	BW0005	Björn		1	
Na przyjęciu spotkał kolegów i koleżanki.				DOM-ANIM	BW0006	Björn		1	
Inwencja wiernych nie zna granic. Tym, czego nie znajdziemy w innych wspólnotach parafialnych, jest kościelna kawiarnia.	NKJP			CIRC	BW0007	Björn	This example has been adapted from the original source.	1	
Zaraz zacznie padać.				EPIST, FUTUR	BW0008	Björn		1	
И Володя однажды сказал мне, что там возникли проблемы, и обронил фразу ― Как бы меня не убили.	NKRJa			APPR	BW0009	Björn	This example has been adapted from the original source.	1	
И парень начал опасаться, как бы его неуверенности не заметили остальные.	NKRJa			APPR	BW0009	Björn		1	
Она вылезла из воды и сказала ― Ах, как хорошо! ― лишь бы никто не увидел, как ей больно.	NKRJa			APPR	BW0009	Björn	This example has been adapted from the original source.	1	
Роль дружки велика ― он отвечал за коней и следил, как бы свадьбе не повредили местные колдуны.	NKRJa			APPR	BW0009	Björn	This example has been adapted from the original source.	1	
В то же время союзники весьма боялись, что Россия заключит сепаратный мир с Германией.	NKRJa			APPR	BW0010	Björn		1	
[...] скороговоркой, холодновато объяснялся Институтов, волнуясь, как бы служка совсем не уронил его авторитет.	NKRJa			APPR	BW0011	Björn	This example has been adapted from the original source.	1	
Она задумчиво гладила Баха по волосам, а в её хитрой головке поднялось опасение, как бы эта неясная сила не захватила её, не завертела, не погубила [...].	NKRJa			APPR	BW0012	Björn	This example has been adapted from the original source.	1	
Он всем доволен, лишь бы его не беспокоили, он величайший эпикуреец.	NKRJa			APPR	BW0013	Björn		1	
Dla Uli przejście przez kładkę stanowiło za każdym razem przykrą próbę, bała się, żeby żerdzie się nie rozbujały [...].	NKJP			APPR	BW0014	Björn		1	
Boję się, żeby ich nie skrzywdzono [...].	NKJP			APPR	BW0015	Björn	This example has been adapted from the original source.	1	
Bała się tylko, aby Andrzej na nią nie krzyczał.	NKJP			APPR	BW0016	Björn		1	
Obawiam się, że przez takie małżeństwo moja rodzina się rozpadnie [...].	NKJP			APPR	BW0017	Björn	This example has been adapted from the original source.	1	
Aby nám nepršelo na cestu.		Lichtenberk (1995)	310	APPR	BW0018	Björn	This example has been adapted from the original source.	1	
Neztrať ten klíč!		Kučera (1984)		APPR, PRV	BW0019	Björn	This example has been adapted from the original source.	1	
Nie posól [...] kompotu!		Laskowski (1998)	19	APPR, PRV	BW0020	Björn	This example has been adapted from the original source.	1	
Nie sprzedaj samochodu za tanio!		Laskowski (1998)	19	APPR, PRV	BW0021	Björn		1	
Не сломай стул!			38	APPR, PRV	BW0022	Björn		1	
Немој да се разболиш!		Birjulin & Xrakovskij (2001)		APPR, PRV	BW0023	Björn		1	
Немој сада да отвараш прозор!		Wiemer (2022)		SA-DIR, DEO	BW0024	Björn	This example has been adapted from the original source.	1	
Немој сада да отвориш прозор!		Wiemer (2022)		SA-DIR, DEO	BW0024	Björn	This example has been adapted from the original source.	1	
Немој сада отварати прозор!		Wiemer (2022)		SA-DIR, DEO	BW0024	Björn	This example has been adapted from the original source.	1	
Немој сада отворити прозор!		Wiemer (2022)		SA-DIR, DEO	BW0024	Björn	This example has been adapted from the original source.	1	
Знаешь, что ― давай рок-группу создадим!	NKRJa			SA-DIR	BW0025	Björn	This example has been adapted from the original source.	1	
Давай в выходные встретимся.	NKRJa			SA-DIR	BW0026	Björn		1	
Давайте восстановим последнюю деревянную водяную мельницу в области ― просила она чиновников.	NKRJa			SA-DIR	BW0027	Björn	This example has been adapted from the original source.	1	
Вовочка, давай погуляем вдвоём, смотри ― на улицах огни, тепло.	NKRJa			SA-DIR	BW0028	Björn	This example has been adapted from the original source.	1	
Ладно ― наконец сказал Алёшка ― Давай, сделаем так [...].	NKRJa			SA-DIR	BW0029	Björn	This example has been adapted from the original source.	1	
Skoro ma czyste intencje, niech odpowie.	NKJP			SA-DIR, SA-OPT	BW0030	Björn		1	
Niech pan mi uwierzy ― z nią będzie panu lepiej.	NKJP			SA-DIR, SA-OPT	BW0031	Björn	This example has been adapted from the original source.	1	
Będą chcieli prać się po pysku z miejscową kawalerką ― niech piorą się do pierwszej krwi i ostatniej sztachety w płocie.	NKJP			SA-DIR, RECI	BW0032	Björn	This example has been adapted from the original source.	1	
Poza tym te pana ważne sprawy nic jej już nie obchodzą. Niech pan to wreszcie zrozumie i da jej spokój.	NKJP			SA-DIR	BW0033	Björn		1	
Chcę z nią porozmawiać. Niech ona powie mi to sama. Prosto w oczy. Wtedy dam jej spokój.	NKJP			SA-DIR, SA-OPT	BW0034	Björn		1	
Pieprzę to wszystko! Niech nic z tego nie zostanie! Żaden ślad! Niech to zniknie z powierzchni ziemi! Razem ze mną.	NKJP			SA-OPT	BW0035	Björn		1	
Cześć, Agniecha. Przyjdę się pożegnać.	NKJP			RECI	BW0036	Björn		1	
Ostrzegam cię, pierdolony wywrotowcu, jeden fałszywy ruch i jak każdy wróg ojczyzny pożegnasz się z życiem.	NKJP			RECI, SA-DIR	BW0036	Björn		1	
Pożegnałam się z Elą przez telefon.	NKJP			RECI	BW0036	Björn		1	
Teraz ty mi zaufaj i powiedz, z kim była Ania. A potem pożegnamy się i wszystko będzie cacy.	NKJP			RECI	BW0036	Björn		1	
Kinga całuje Agnieszkę w policzek.	NKJP			POSS	BW0037	Björn		1	
Przestań tak gadać.	NKJP			SA-DIR	BW0038	Björn		1	
Wiem, że jeszcze wszystko się ułoży. Jestem tego pewna.	NKJP			EPIST	BW0038	Björn		1	
Чтобы не было излишнего пиетета, чтобы не бояться, что я сейчас вот возьму и всё испорчу.	NKRJa			TAKE, PCOORD, IMPP	BW0039	Björn		1	
А автор этой книги ― его друг и соратник ― красивую идею взял и спёр.	NKRJa			TAKE, PCOORD, IMPP	BW0040	Björn		1	
Я решил так ― если он сочтёт, что я недоработал, то мы просто возьмём и придём к ней вместе.	NKRJa			TAKE, PCOORD, IMPP	BW0041	Björn	This example has been adapted from the original source.	1	
Bo pies sobie nie pójdzie, nie weźmie i nie kupi jedzenia.		Nau et al. (2019)	283	TAKE, PCOORD, IMPP	BW0042	Björn		1	
Wczoraj wziął mnie zdradził.		Andrason (2018)	586	TAKE, IMPP	BW0043	Björn		1	
Все отидыхают, а я работай.		Fortuin (2000)	114-134	ECH	BW0044	Björn		1	
Сяду-ка я, поработаю.	NKRJa			ECH	BW0045	Björn		1	
Poczekaj, niech usiądę.		Holvoet (2021)		ECH	BW0046	Björn		1	
I to ma być dzieło sztuki?                       		Holvoet (2021)		ECH	BW0047	Björn		1	
Отойдя с полста метров, братик еще раз исхитрился и вдарил кнутом погромче.	NKRJa			IMPP, PCOORD	BW0048	Björn		1	
Но Нюра давно уже знала, что никто за неё не исхитрится и не вырвет нужное ей для жизни.	NKRJa			IMPP, PCOORD	BW0049	Björn		1	
Надо же было ухитриться купить мороженое, соединяющее в себе два этих ингредиента.	NKRJa			IMPP	BW0050	Björn		1	
Удивительно, как я умудрялась и умудряюсь до сих пор обводить всех вокруг пальца.	NKRJa			IMPP	BW0050	Björn		1	
Но ведь самое сложное ― не просто взять ребенка, а суметь его воспитать.	NKRJa			IMPP	BW0051	Björn		1	
Вот Китай сумел привлечь почти всех ведущих автопроизводителей.	NKRJa			IMPP	BW0052	Björn		1	
Таня услышала, но не сразу смогла подойти к окну.	NKRJa			IMPP	BW0053	Björn		1	
Przed nim stał Pater i trzymał coś w wyciągniętej ręce. Muflon nie zdołał jednak dostrzec tego przedmiotu.	NKJP			IMPP	BW0054	Björn		1	
Znowu opadły go wątpliwości, czy zdoła wykonać plan, mimo że jest to plan zaiste genialny w swojej prostocie.	NKJP			IMPP	BW0055	Björn		1	
Остальное решите между собой сами.	NKRJa			RECI	BW0056	Björn		1	
Что, вы совсем не говорите между собой по-французски?	NKRJa			RECI	BW0056	Björn	This example has been adapted from the original source.	1	
Надя целовалась с военным.	NKRJa			RECI	BW0057	Björn		1	
После скручивания шаль и скатерть убирали, и новобрачные на глазах у всех целовались (молодились).	NKRJa			RECI	BW0057	Björn		1	
Я познакомилась с ним на автобусной остановке, мы разговорились, поняли, что интересны друг другу, и начали встречаться.	NKRJa			RECI	BW0058	Björn		1	
В общежитии делились c соседями абсолютно всем, помогали, заботились друг о друге.	NKRJa			RECI	BW0059	Björn		1	
Никогда до того не виделись, наслышаны были друг о друге.	NKRJa			RECI	BW0061	Björn		1	
После поездки спутники обязательно оставляют друг о друге отзывы.	NKRJa			RECI	BW0062	Björn		1	
Patrzyliśmy ze spokojem na tłum zdenerwowanych odpoczynkiem turystów ― pędzili od jednego zabytku do drugiego.	NKJP			RECI	BW0063	Björn	This example has been adapted from the original source.	1	
Po chwili znalazł się w labiryncie małych uliczek [...]. Zapełniał je drepczący tłum. Jeden człowiek popychał drugiego i następował mu na pięty.	NKJP			RECI	BW0064	Björn	This example has been adapted from the original source.	1	
Rozważali przez chwilę niezwykłe zdarzenie, patrząc jedni na drugich.	NKJP			RECI	BW0066	Björn		1	
W seminariach każdy obserwuje każdego. Szpiegują się nawzajem i donoszą na siebie.	NKJP			RECI	BW0067	Björn		1	
Próbowaliśmy przytulić nawzajem nasze śliskie ciała.	NKJP			RECI	BW0068	Björn		1	
Przez te wszystkie lata widzieliśmy się zaledwie pięć razy!	NKJP			RECI	BW0069	Björn		1	
Stoją obok siebie, nie widząc się prawie, i upływa bardzo długa chwila, zanim pada pierwsze słowo.	NKJP			RECI	BW0069	Björn		1	
Więźniowie doprowadzani na msze przebywali w takich boksach, właściwie klatkach. Nie widzieli siebie nawzajem.	NKJP			RECI	BW0069	Björn		1	
Bardzo tęsknię za bliską obecnością mężczyzny. Za wspieraniem się nawzajem.	NKJP			RECI	BW0070	Björn	This example has been adapted from the original source.	1	
Flamenco jest wtedy, kiedy patrzymy na siebie nawzajem najgłębszym spojrzeniem, w którym widać duszę.	NKJP			RECI	BW0071	Björn		1	
Zgadali się prędko, jak to ludzie jednego fachu. Spodobali się sobie wzajemnie.	NKJP			RECI	BW0073	Björn		1	
Co ci szkodzi powiedzieć, z kim gadała, czy też, z kim się całowała.	NKJP			RECI	BW0077	Björn		1	
Ludzie siedzieli przy stolikach, stali, obejmując się, i rozmawiali podniesionymi głosami.	NKJP			RECI	BW0078	Björn		1	
Pozostali pędzili bimber, handlowali, dostarczali słoninę do Radomia i kłócili się między sobą.	NKJP			RECI	BW0079	Björn		1	
Julek kłócił się z Ulą, że źle pakuje.	NKJP			RECI	BW0080	Björn		1	
Przywitaliśmy się z panią Lachowiczową.	NKJP			RECI	BW0082	Björn		1	
AGNIESZKA: Może powinnaś z nim pogadać? KINGA: O czym? AGNIESZKA: Wyjaśnicie sobie wszystko.	NKJP			RECI	BW0083	Björn	This example has been adapted from the original source.	1	
Хозяйка испугалась подъехавшей машины и спряталась в чулан.	NKRJa			ITR	BW0084	Björn		1	
Он бросился на выручку незадачливому Голынке.	NKRJa			ITR	BW0086	Björn		1	
Морской конёк не бросается за добычей, а ждёт, пока она сама не подплывёт к нему.	NKRJa			ITR	BW0087	Björn		1	
Как потом оказалось, первыми закрылись военные заводы.	NKRJa			ITR	BW0088	Björn		1	
Особенно обидно, что после поражения многие двери для него закрылись, многие телефоны перестали отвечать.	NKRJa			ITR	BW0089	Björn		1	
Обратно застегнись, это уже ни в какие ворота.	NKRJa			ITR	BW0090	Björn	This example has been adapted from the original source.	1	
Зажмурился, посидел немного с закрытыми глазами, снова глянул в воду и отстриг кусочек правого.	NKRJa			ITR	BW0091	Björn		1	
Помолчи, а?, просил Ферапонт и мучительно морщился.	NKRJa			ITR	BW0092	Björn	This example has been adapted from the original source.	1	
Из самой середины уха бил фонтан седых волос, а большие удлинённые мочки морщились продольными складками.	NKRJa			ITR	BW0093	Björn		1	
Георгий, не кидайтесь пустыми фразами.	NKRJa			ITR	BW0094	Björn		1	
Я хваталась за карандаш, чтобы выплеснуть всё, что душило, не давало покоя.	NKRJa			ITR	BW0095	Björn		1	
Сейчас ― бормотал он, продолжая рыться в портфеле.	NKRJa			ITR	BW0096	Björn	This example has been adapted from the original source.	1	
Она получала двойки по математике, дралась и иногда даже вместе с мальчишками била девчонок.	NKRJa			ITR	BW0097	Björn		1	
Ирина любила постоянно орущую мать, постоянно дерущегося брата.	NKRJa			ITR	BW0098	Björn		1	
Слюна во рту оппортунистически жжется.	NKRJa			ITR	BW0100	Björn		1	
Крапивой все поросло, и как жжется ― никогда раньше так не жглась.	NKRJa			ITR	BW0101	Björn		1	
В 2001 году он освободился из тюрьмы и приехал попытать счастья в Москву.	NKRJa			ITR	BW0104	Björn		1	
Люди в последние десять лет погрузились в более реальную жизнь.	NKRJa			ITR	BW0105	Björn		1	
Гулкое эхо разнеслось по болотным окрестностям.	NKRJa			ITR	BW0107	Björn		1	
Новые туфли жмут, но они разносятся [...].	NKRJa			ITR	BW0109	Björn	This example has been adapted from the original source.	1	
Было так весело, драйвово, успевали и учиться, и гулять до упаду.	NKRJa			ITR	BW0110	Björn		1	
Язык учится быстро и легко ― именно методом погружения!	NKRJa			ITR	BW0111	Björn		1	
Олигархи сбегут из опостылевшей России, страна погрузится в экономический хаос [...].	NKRJa			ITR	BW0112	Björn		1	
Хотя между предпринимателями существует жёсткая конкуренция за освободившиеся места.	NKRJa			ITR	BW0113	Björn		1	
Илья, у меня складываются ощущение, что Вы оправдываете свою немощность.	NKRJa			ITR	BW0114	Björn		1	
Наконец обветшало, стёрлось, продырявилось и наконец исчезло, как стираются и исчезают воспоминания.	NKRJa			ITR	BW0115	Björn		1	
Autostop nie funkcjonuje i prędzej uschniesz na wiór na poboczu, niż otworzą się przed tobą cudze drzwi.	NKRJa			ITR	BW0116	Björn		1	
Стирать ткань? [...] Как часто стираются диваны-стационары в квартирах?	NKRJa			ITR	BW0117	Björn	This example has been adapted from the original source.	1	
Jedyne, co przyszło mu do głowy, to schować się teraz pod kołdrę i nie widzieć zagrożenia. Tak też zrobił.	NKJP			ITR	BW0118	Björn		1	
Karol rzuca się w kierunku Kingi.	NKJP			ITR	BW0120	Björn		1	
Uwielbiacie rządzić, wtrącać się do polityki, wścibiać wszędy nosy i wtykać paluchy.	NKJP			ITR	BW0121	Björn	This example has been adapted from the original source.	1	
Po obiedzie zamknął się w swoim pokoju.	NKJP			ITR	BW0123	Björn		1	
Podciągnij spodnie, bo się przewrócisz ― podtrzymałem ją i pomogłem się zapiąć.	NKJP			ITR	BW0124	Björn	This example has been adapted from the original source.	1	
Dag zaklął, wycofał się i po krótkiej chwili wrócił w towarzystwie najmłodszego Sundanina.	NKJP			ITR	BW0125	Björn		1	
Dla ciebie ja tutaj rządzę – nachylił się nad nim John.	NKJP			ITR	BW0126	Björn		1	
A ty mi się tu nie rządź, braciszku!	NKJP			ITR	BW0127	Björn		1	
No proszę, a przecież sama mi opowiadałaś jak ona się tam rządzi...	NKJP			ITR	BW0128	Björn		1	
Milva zatrzymała się i odwróciła, ostrym ruchem złamała zawadzającą gałązkę wiciokrzewu.	NKJP			ITR	BW0130	Björn		1	
Geralt zerwał się pierwszy.	NKJP			ITR	BW0131	Björn		1	
Romanow wstał z klęczek, zapalił kolejnego papierosa, zaciągnął się mocno, zaklął cicho.	NKJP			ITR	BW0132	Björn		1	
Nie będę się zatem kopał z koniem, ani walczył z orangutanem.	NKJP			ITR	BW0135	Björn		1	
Chodzi o wolność co do informacji, wolność otrzymywania, rozprzestrzeniania, dzielenia się informacją.	NKJP			ITR	BW0136	Björn		1	
Co się czepiasz, kopana ― rzekł pogardliwie Polek. ― Ja się czepiam? To ty mnie popchnąłeś.	NKJP			ITR, ECH	BW0137	Björn	This example has been adapted from the original source.	1	
Ale z tą wodą to już kitowałeś, że się można dokopać?	NKJP			ITR	BW0138	Björn		1	
Chciał ją obrazić, ale ucieszyła się, przestała kopać i dała sobie zrobić zastrzyk uspokajający.	NKJP			ITR, GIVE, IMPP	BW0139	Björn	This example has been adapted from the original source.	1	
Na pewno wszystko w porządku? ― upewniła się Mechowska.	NKJP			ITR	BW0140	Björn	This example has been adapted from the original source.	1	
Ale się pan nie wpakował ― powiedział powoli Jemiołczak. ― Tylko zadzwonił.	NKJP			ITR	BW0141	Björn	This example has been adapted from the original source.	1	
Wpadamy na siebie, przewracamy się, kopiemy się.	NKJP			ITR, RECI	BW0143	Björn		1	
Jeździł na obozy ZMP-owskie, pasjonował się szachami, kopał z nami piłkę.	NKJP			ITR	BW0144	Björn		1	
Wiecie, koń, nim zdąży się przestraszyć, już się płoszy albo kopie.	NKJP			ITR	BW0145	Björn		1	
Coś mi się po łbie kołatało.	NKJP			ITR	BW0146	Björn		1	
W tamtych czasach nadawanie anglosaskich imion i nazwisk tubylcom bardzo się już rozpowszechniło.	NKJP			ITR	BW0151	Björn		1	
Zatkałem mu gębę poduszką, pierze się rozsypało i przykleiło do krwi.	NKJP			ITR	BW0152	Björn		1	
Cieszę się, że nauczyłeś się rozpoznawać nasz dom.	NKJP			ITR	BW0153	Björn		1	
Pan ma psa? To powinien pan mieć. Od psa można się dużo nauczyć.	NKJP			ITR	BW0154	Björn		1	
Młode umysły dawały się łatwiej rządzić wrażeniem niż refleksją.	NKJP			DISP, GIVE	BW0157	Björn		1	
Согласен с автором полностью, а ряду комментаторам маленько не хватает элементарной экономической грамотности.	NKRJa			IPER	BW0159	Björn		1	
Проблем хватает, но пока соберусь с мыслями уже что-нибудь новое случится.	NKRJa			IPER	BW0160	Björn		1	
Таким образом, вся ватага торт попробовала, а его как бы и не убыло.	NKRJa			IPER	BW0161	Björn		1	
В полку льгот и убыло, и прибыло.	NKRJa			IPER	BW0162	Björn		1	
Пошевелилась. Встала на колени. Её сильно вырвало.	NKRJa			IPER	BW0163	Björn		1	
От этих людей пахло потом и нестиранными носками.	NKRJa			IPER	BW0164	Björn		1	
У тебя капустой воняет. Меня тошнит. Её действительно тошнило, от всего.	NKRJa			IPER	BW0164	Björn		1	
В конце дня жара спала, начало вечереть, в лесу стало прохладнее.	NKRJa			IPER	BW0165	Björn		1	
Уже вечерело, но со временем была непонятица ― слишком уж длинный день выдался.	NKRJa			IPER	BW0166	Björn		1	
Świtało, gdy zasypiali.	NKJP			IPER	BW0167	Björn		1	
Świtać wkrótce będzie - powiedziała Milva.	NKJP			IPER	BW0168	Björn		1	
Od wczoraj nie miałem nic w ustach i aż mnie mdliło z głodu.	NKJP			IPER	BW0169	Björn		1	
Dzień w dzień włócząc się po ulicach bez celu, bo odechciało mi się również chodzić do szkoły.	NKJP			IPER	BW0170	Björn		1	
Najchętniej poszukałby innego motelu, lecz w ich sytuacji pozostawało tylko zacisnąć zęby i brać co dają.	NKJP			IPER	BW0172	Björn		1	
Cisza. Chyba je zatkało. Poszły sobie. Widzę je teraz przez okno.	NKJP			IPER	BW0174	Björn		1	
Wciąż brakowało mu głównego elementu w całej konstrukcji.	NKJP			IPER	BW0175	Björn		1	
Dachówki starczy, choćby sporo natłukli przy przekładce.	NKJP			IPER	BW0176	Björn		1	
Zeszli do opustoszałej o tej porze kawiarenki, w której bardziej niż kawą pachniało bigosem.	NKJP			IPER	BW0177	Björn		1	
Jesień zmienia chemię powietrza na tyle, że czuć ją wyraźnie.	NKJP			IPER	BW0178	Björn		1	
Alojz odpowiadał niechętnie, na księdza spoglądał podejrzliwie i widać było, że nie na rękę mu to spotkanie.	NKJP			IPER	BW0179	Björn		1	
Przez kilkucentymetrową szparę widać było wbitą małą, czerwoną chorągiewkę.	NKJP			IPER	BW0179	Björn		1	
W pełnej napięcia ciszy słychać było, jak osa tłucze się wściekle o szybę.	NKJP			IPER	BW0180	Björn		1	
Z pokoju obok słychać płacz Kasi.	NKJP			IPER	BW0180	Björn		1	
Lubił zapach drukarskiej farby. Najintensywniej czuć było książki rumuńskie.	NKJP			IPER	BW0181	Björn		1	
Mężczyzna podniósł kołnierz płaszcza i rozłożył parasol. Dopiero wtedy poczuliśmy, że pada.	NKJP			IPER	BW0182	Björn		1	
I nie gnieć zasłonki! Ciężko się ją prasuje. Jak się pogniecie, nie będzie efektu.	NKJP			IPER, SA-DIR, ITR	BW0183	Björn		1	
Jak się studnię kopie, to wiesz, ile jest kopania?	NKJP			IPER	BW0183	Björn		1	
SEBASTIAN: [...] Uprasować ci? MAGDA: Tej się nie prasuje, głuptasie.	NKJP			IPER	BW0183	Björn	This example has been adapted from the original source.	1	
Cisza trwała; czekano, co powie.	NKJP			IPER	BW0184	Björn		1	
I rzeczywiście, w końcu wzięto się za robotę, wydając na świat [...] klasyczny film animowany.	NKJP			IPER	BW0184	Björn	This example has been adapted from the original source.	1	
Stryj powiedział, że obiecano mu wolność oraz dobrą pracę w Wilnie.	NKJP			IPER	BW0184	Björn		1	
W domu o dziadku Ferdynandzie milczano.	NKJP			IPER	BW0184	Björn		1	
Asnyk nie był świnią i za niecałe tysiąc trzysta złotych dostaliśmy siedem centów.	NKJP			AGRSEM	BW0185	Björn		1	
Wyrwali z mojego portfela ostatnie tysiąc koron czeskich i puścili.	NKJP			AGRSEM	BW0186	Björn		1	
Tam także setki, tysiące ludzi ciągnęło za sobą byle jak opatrzone kikuty.	NKJP			AGRSEM	BW0187	Björn		1	
Wciąż nie traciła nadziei, że znajdzie nową [...] posadę, na której szukanie pozostawało jej [...] trzy miesiące czasu.	NKJP			AGRSEM	BW0188	Björn		1	
Potem następowało szereg pytań i odpowiedzi.	NKJP			AGRSEM	BW0190	Björn		1	
Кадры вызывают всеобщую панику. [...] низвергли статую, низвергнут и режим.	NKRJa			RESULT	BW0192	Björn	This example has been adapted from the original source.	1	
Dopiero o północy stanęliśmy ponownie przed zamkniętą na kłódkę bramą sistiemy.	NKJP			RESULT	BW0193	Björn		1	
Źli, nie myci, nie wyspani, tłukli się pięć dni i pięć nocy.	NKJP			RESULT, RECI	BW0195	Björn		1	
Sprzyjałem mu niezmiennie, choć zamknięty w sobie, mało kontaktowy był z niego gość [...].	NKJP			RESULT	BW0196	Björn		1	
Do domu nie miałem po co wracać.	NKJP			RC, POSS	BW0197	Björn		1	
Ivan je poljubio dami ruku.		Nomachi (2016)	454	POSS	BW0198	Björn		1	
Mamince se točila hlava.		Fried (1999)	483	POSS, ITR	BW0198	Björn		1	
Niedługo później zadzwonił syn. Matura z polskiego była ponoć banalnie łatwa.	NKJP			EVID	BW0198	Björn		1	
Pocałowałem jej drobną rękę pachnącą rybami.	NKJP			POSS	BW0198	Björn		1	
Zabrałem mu łódkę.	NKJP			POSS	BW0198	Björn		1	
Zadzwonili do mnie i prosili o spotkanie. Mieli podobno jakąś ważną sprawę.	NKJP			EVID	BW0198	Björn		1	
Zawsze wolałem maliny. Jeżyny były cierpkie, ale ponoć po wielokroć zdrowsze.	NKJP			EVID	BW0198	Björn		1	
Он наклонился и поцеловал у нее руку.	NKRJa			POSS	BW0198	Björn		1	
Он поцеловал ее в губы.				POSS	BW0198	Björn		1	Činčlej (1990)
Nie wiem, skąd się brała ta moja zawziętość. Nie będę twierdził, jakobym przeczuwał, że on niedługo umrze.	NKJP			EVID	BW0204	Björn		1	
Wiem tylko, że panuje pomysł, żądanie, dogmat, jakoby człowiek powinien być nieustannie szczęśliwy.	NKJP			EVID	BW0204	Björn		1	
Nie widziałem tego pana ani żadnej kobiety, którą rzekomo miał tu przywieźć.	NKJP			EVID	BW0205	Björn		1	
Słyszałaś o tej dziewczynce rzekomo porwanej w Czechach?	NKJP			EVID	BW0205	Björn		1	
Кстати дочка якобы красавица и на неё даже похожа.	NKRJa			EVID	BW0206	Björn		1	
Правда, в статье не были упомянуты имена создателей программы, после чего, якобы обидевшись, они уехали из Иллинойса в Кремниевую Долину.	NKRJa			EVID	BW0206	Björn		1	
При подписании договоров силовикам якобы пообещали так называемые комиссионные в размере $ 6 млн.	NKRJa			EVID	BW0206	Björn		1	
Пусть действительные полководцы не обижаются и не выражают недовольствие тем, что, оказывается, якобы разведчики выиграли эту войну.	NKRJa			EVID, SA-OPT	BW0206	Björn		1	
СМИ хотят вдолбить в мозг людей, будто народ боится прихода коммунистов к власти.	NKRJa			EVID	BW0208	Björn		1	
Мне с ними по жизни не везет ― карма, видимо, у меня такая ― в прошлой жизни, наверно, поиздевалась над ними.	NKRJa			EVID	BW0209	Björn	This example has been adapted from the original source.	1	
Прочтите ещё раз Вашу фразу. Напоминает 12-ть стульев [...]. Поищите реплики м-м Грицацуевой, кажется, это оттуда.	NKRJa			EVID	BW0215	Björn	This example has been adapted from the original source.	1	
Вторая часть понравилась в меньшей степени. А третью я, вроде, когда-то пыталась посмотреть, но осилила минут 10-15, кажется.	NKRJa			EVID	BW0216	Björn	This example has been adapted from the original source.	1	
[...] размахивается и даёт ему кулаком в морду. Философ. Эге, да он ему, кажется, глаз выбил.	NKRJa			EVID	BW0217	Björn	This example has been adapted from the original source.	1	
[...] у меня две девочки 15 и 18. Но мы, похоже, потихоньку выходим из подростков [...].	NKRJa			EVID	BW0223	Björn	This example has been adapted from the original source.	1	
Бывали моменты, когда она позвонит в звонок, я приду, и она мне скажет [...].	NKRJa			ITER	BW0225	Björn	This example has been adapted from the original source.	1	
Как проиграет, Кумилкин быстро это замнет, сдает по новой.	NKRJa			ITER	BW0225	Björn		1	
Уверен, что кто-то попросит рассказать обо всем поподробнее.	NKRJa			EPIST	BW0226	Björn		1	
Да хорошо все будет. Все ты сдашь.	NKRJa			EPIST	BW0228	Björn	This example has been adapted from the original source.	1	
Мы её положим на стол, и она придёт в себя.	NKRJa			EPIST	BW0231	Björn		1	
У вас всё же эшелон есть, и он поздно или рано всё равно куда-то пойдёт.	NKRJa			EPIST	BW0234	Björn		1	
Вообще-то рассуждать на эту тему совершенно бессмысленно, тут есть что-то, чего словами не опишешь.	NKRJa			CIRC, EPIST	BW0235	Björn		1	
[...] лучше не мудрить, выбрать законопослушный вариант, и тогда путешествие [...] превзойдёт все ваши ожидания.	NKRJa			EPIST	BW0236	Björn	This example has been adapted from the original source.	1	
Интересное начинание, но вряд ли производители на такое пойдут.	NKRJa			EPIST	BW0238	Björn		1	
[...] А зачем нужны глаза без взгляда? Без взгляда собеседника ты сам окажешься для него невидимым.	NKRJa			EPIST	BW0239	Björn	This example has been adapted from the original source.	1	
Как бы сильно автор не рисковал, найдётся некто ленивый, кто непременно скажет [...]. И скорее всего, окажется прав.	NKRJa			EPIST, ITER	BW0240	Björn	This example has been adapted from the original source.	1	
Posłuchaj, pan Leszek na pewno to zrozumie, że [...] trzeba odłożyć na bok różne sprawy [...].	NKJP			EPIST	BW0241	Björn	This example has been adapted from the original source.	1	
Na pewno będzie fajnie ― zobaczysz [...].	NKJP			EPIST	BW0242	Björn	This example has been adapted from the original source.	1	
Oni do siebie pasują. Kinga nigdy nie znajdzie lepszego faceta.	NKJP			EPIST, RECI	BW0243	Björn		1	
Ma pan na pewno różne swoje przyzwyczajenia [...]. To wszystko wyjdzie dopiero w takim normalnym codziennym życiu.	NKJP			EPIST	BW0244	Björn	This example has been adapted from the original source.	1	
Prałem, sprzątałem ― I myślę, że to się nie zmieni.	NKJP			EPIST	BW0245	Björn	This example has been adapted from the original source.	1	
No i co, młody, tak się nakręciłeś, że może mnie jeszcze uderzysz?!	NKJP			EPIST	BW0246	Björn		1	
A co mi tam [...], tam miałem ciasno. Tu wygodniej. ― Jeszcze cię kiedy stąd wypędzą. ― A kto mnie wypędzi?	NKJP			EPIST	BW0247	Björn	This example has been adapted from the original source.	1	
Na partyzantkę to się ksiądz nie nada.	NKJP			DISP	BW0248	Björn		1	
Nawet pewnie ksiądz strzelać nie umie.	NKJP			DISP, EPIST	BW0248	Björn		1	
Ilekroć przyjdą robić mi remanent, zawsze mnie ten czy ów nie omieszka zapytać, czy [...].	NKJP			ITER	BW0249	Björn		1	
Niezależnie od tego, jak daleko się wybierzesz, zawsze znajdziesz coś dla siebie.	NKJP			ITER	BW0250	Björn		1	
Żeby przed oczami zrobiło mi się ciemno, nie trzeba mi nigdy dużo. Jedna kropla wystarczy mi zawsze.	NKJP			ITER	BW0251	Björn		1	
[...] zaprzyjaźnij się z nim [ze wszechświatem] i kiedy masz wątpliwości, poproś o pomoc [...] a on ci pomoże, bo pomaga zawsze.	NKJP			ITER, EPIST	BW0252	Björn		1	
Piję, no, lubię sobie golnąć ― Czasem wezmę niuch kokainki albo sięgnę po pejotl [...].	NKJP			ITER	BW0253	Björn	This example has been adapted from the original source.	1	
Wygram z tobą zawsze i wszędzie [...], na hulajnodze, trójkołowym rowerku i kucyku.	NKJP			ITER	BW0254	Björn	This example has been adapted from the original source.	1	
Po dokonaniu zakupów towar był wysyłany przez subiektów do domu klienta.	NKJP			DOM-ANIM	BW0256	Björn		1	
Kłaki i pakuły sterczące [...] z kormoranów, czapli, ibisów ― żeby wymienić [...] typowych przedstawicieli ptactwa wodnego [...].	NKJP			DOM-ANIM	BW0257	Björn	This example has been adapted from the original source.	1	
Kiedy [...] badacz spotyka przedstawiciela jakiegoś gatunku owadów, Majewski podaje rzetelną charakterystykę stwora [...].	NKJP			DOM-ANIM	BW0258	Björn		1	
Archaniz spojrzała z gniewem na nowego przedstawiciela kociego rodu.	NKJP			DOM-ANIM	BW0259	Björn		1	
W domu pełno było psów i kotów, które uważano przecież za członków rodziny.	NKJP			DOM-ANIM	BW0261	Björn		1	
Jednocześnie wierzyli w czyhające w jarach olbrzymy [...], baldwiny wabiące nieostrożnych wędrowców [...] i skrzaty.	NKJP			DOM-ANIM	BW0264	Björn		1	
Włodek [...] wspomagał kontrolę prowadzoną przez skrzatów z grupy Wasyl.	NKJP			DOM-ANIM	BW0264	Björn	This example has been adapted from the original source.	1	
Zresztą dotąd nikogo z państwa nie spotkałem osobiście, znałem skrzaty tylko ze słyszenia, z opowieści.	NKJP			DOM-ANIM	BW0264	Björn		1	
Tu widywał karły i dziewczęta przeraźliwie tłuste.	NKJP			DOM-ANIM	BW0265	Björn		1	
Gollum [...] teraz nadal tropi hobbitów, na koniec obgryza Frodowi rękę i wpada do lawy.	NKJP			DOM-ANIM, POSS	BW0267	Björn	This example has been adapted from the original source.	1	
Stwór, spaczony przez pierścień, obiecuje poprowadzić hobbitów do Czarnych Wrót Mordoru.	NKJP			DOM-ANIM	BW0268	Björn		1	
[...] w świecie fantasy zaludnionym przez elfy, krasnoludy, hobbitów, czarnoksiężników i smoki.	NKJP			DOM-ANIM	BW0269	Björn		1	
[...] ездит этот изнеженный Чичиков [...] и встречает не людей ― а кукол фарфоровых.	NKRJa			DOM-ANIM	BW0270	Björn	This example has been adapted from the original source.	1	
Как некоторые любят и собирают кукол, так Маруся собирала диваны.	NKRJa			DOM-ANIM	BW0272	Björn		1	
Гэмбл виртуозно водит марионеток.	NKRJa			DOM-ANIM	BW0273	Björn		1	
Склеить нас, двух [...] кукол-марионеток ― нутро-к-нутру?	NKRJa			DOM-ANIM	BW0275	Björn	This example has been adapted from the original source.	1	
[...] Алёша увидел две фарфоровые китайские куклы, которых вчера он не заметил.	NKRJa			DOM-ANIM	BW0276	Björn		1	
Она говорит ― Куклы покупал? ― Я говорю ― Много чего покупал. Иногда покупал куклы.	NKRJa			DOM-ANIM	BW0277	Björn	This example has been adapted from the original source.	1	
[...] оставшийся прах собирали в мешочки и помещали в ритуальные куклы-манекены [...].	NKRJa			DOM-ANIM	BW0278	Björn		1	
Nie mówię do ciebie, ale wiem, jak się chłopy myją.	NKJP			DSM-ANIM	BW0279	Björn		1	
Jak chcą chłopy, niechby się i bili, ale żeby kobiety z dziećmi za ich wojny nie płaciły.	NKJP			DSM-ANIM	BW0280	Björn		1	
Tylko w głębi pod oknem dwaj chłopi o twarzach sinoczerwonych kiwali się nad szklanicami piwa.	NKJP			DSM-ANIM	BW0284	Björn		1	
W drugiej sali chłopaki w napięciu obserwowali rozgrywkę bilardową pod wąskim snopem lampy.	NKJP			DSM-ANIM	BW0285	Björn		1	
W ogóle w załodze powinny być same chłopaki, i koniec!	NKJP			DSM-ANIM	BW0286	Björn		1	
Chłopi mało mnie nie zatłukli, na szczęście nie wiedzieli, jak się do tego zabrać ― Podziurawili mnie kołkami.	NKJP			DSM-ANIM	BW0288	Björn	This example has been adapted from the original source.	1	
Anzelm i Janusz, obaj kończący już gimnazjum chłopacy, pokazywali się tylko przy stole.	NKJP			DSM-ANIM	BW0289	Björn	This example has been adapted from the original source.	1	
Zacząłem, jak te chłopaki, jeździć po pociągach.	NKJP			DSM-ANIM	BW0289	Björn		1	
Zoltan żartował, że upiory i wszelkie inne demony musiały dowiedzieć się o nadciągających wojskach.	NKJP			DSM-ANIM	BW0290	Björn		1	
Ale pomylili się w rachubach, mimo iż gazety redagowały w tych dniach diabły. A tron okupowały bałwany.	NKJP			DSM-ANIM	BW0293	Björn		1	
Na czwartej [skrzyni] siedział poszukiwany byczek, umieszczony tu przez diabłów, pilnujących tego zbójeckiego skarbu.	NKJP			DSM-ANIM	BW0297	Björn	This example has been adapted from the original source.	1	
Gobliny czy też hobbity ― nie umiałem nigdy tego spamiętać ― umiały wyczyniać takie sztuki.	NKJP			DSM-ANIM	BW0299	Björn	This example has been adapted from the original source.	1	
Rohańscy i gondorscy wojownicy, elfy, hobbity a nawet Nazgule pojawili się w piątek w Krakowie.	NKJP			DSM-ANIM	BW0300	Björn		1	
Zaraz, zaraz, o czym to ja marzyłem, że było mi z tym tak dobrze? ― Aha, już wiem.	NKJP			MFOC	BW0301	Björn	This example has been adapted from the original source.	1	
Zresztą, poniekąd to pan jest za to odpowiedzialny [...].	NKJP			MFOC	BW0303	Björn	This example has been adapted from the original source.	1	
Wreszcie stało się jasne, dlaczego ktoś chciał, by to on zajął się tą sprawą.	NKJP			MFOC	BW0305	Björn		1	
Przypominam, że od września to on będzie decydował o twojej pensji.	NKJP			MFOC	BW0310	Björn		1	
Как будто собирают трофеи своей победы. Можно подумать, что это они, американцы, разбили немцев.	NKRJa			MFOC	BW0313	Björn	This example has been adapted from the original source.	1	
Сидевшие рядом с ним удивлялись ― откуда это он знает, что будет петь Архипова.	NKRJa			MFOC	BW0315	Björn		1	
Это откуда же такая хорошая квартирка взялась? ― плаксиво вопросила Алла Владимировна.	NKRJa			MFOC	BW0316	Björn		1	
Я сначала тебя проскочил, вот тут вот развернулся уже. Быстро это очень всё рассказал.	NKRJa			MFOC	BW0318	Björn	This example has been adapted from the original source.	1	
О, Вань, это с кем это ты тут любезничаешь?	NKRJa			MFOC	BW0319	Björn	This example has been adapted from the original source.	1	
Dolewają wody do paliwa [...], jak ci, co to u nich pan Jezus na weselu był, żenili wino wodą [...].	NKJP			MFOC, RC	BW0322	Björn		1	
Postępuje pan nietypowo [...], oferuje pan zapłatę, zanim nam pan powiedział, o czym to mamy mianowicie milczeć [...].	NKJP			MFOC, RC	BW0323	Björn	This example has been adapted from the original source.	1	
I łazić to on nie potrzebuje, ma motor.	NKJP			MTOP	BW0324	Björn		1	
Dobierać sobie wrogów to trzeba umieć. A ty masz z tym problemy. ― A może to oni mają?	NKJP			MTOP	BW0326	Björn	This example has been adapted from the original source.	1	
A co się tyczy tych siedmiu kawalerów, to z nimi ja będę miał jeszcze oddzielną rozprawę!	NKJP			MTOP	BW0328	Björn		1	
Wysportowane to one [dzieci] są, zdrowe to one są, wesołe to one są, ale pogadać z nimi to nie ma o czym.	NKJP			MTOP	BW0331	Björn	This example has been adapted from the original source.	1	
Zobaczymy, czy będzie taki szczęśliwy. U Starego Sępa ciemno, ale z nim to nigdy nic nie wiadomo.	NKJP			MTOP	BW0332	Björn		1	
Стальной корпус женских часов украшен бриллиантами, они же использованы вместо цифр.	NKRJa			MTOP	BW0333	Björn		1	
Конечно, творчество было приоритетным, но зарплата хотя и вторична ― о ней же забывать нельзя!	NKRJa			MTOP	BW0335	Björn		1	
Dwa kubły [...] stały na samym czubku mola, który to czubek świecił dziurami niczym sito.	NKJP			MTOP, RC	BW0336	Björn		1	
Naświetlił sylwetkę partyzanta Bajorkina, co to w koszuli zaszył legitymację.	NKJP			MTOP, RC	BW0340	Björn		1	
Otóż nieznajomy ów szukał pewnej kobiety z dwojgiem dzieci, którzy [...] mieli mieszkać razem z panną Ziutą.	NKJP			ANAPH, RC, DSM, EVID	BW0341	Björn	This example has been adapted from the original source.	1	
Все отдыхают, а я работай.		Holvoet (2021)		ECH	BW0342	Björn		1	
I to ma być dzieło sztuki?		Holvoet (2021)		ECH	BW0345	Björn		1	
Masz się zaraz stawić u dyrektora.		Holvoet (2021)		ECH, EVID	BW0346	Björn		1	
Знаешь какой-либо язык, кроме арамейского?	PS			NSPEC	IM0001	Imke		1	
Денег в кармане ― рублей десять всего.	NKRJa			APPROX	IM0002	Imke		1	
Долгое время американцы без всяких оснований утверждали, что в Москве по улицам бродят медведи.	Og98			EXIST	IM0003	Imke		1	Og98
Mam przeczytane 20 stron, jeszcze 5 i skończę ten rozdział.	Lab88			RESULT	IM0004	Imke		1	
Jak víte o těch dopisech? Jak víte o tom testamentu?	ČapVěc	Adamec (1983)		DEFIN	IM0005	Imke		1	
Schyliwszy się nad nim stoi nieznajomy.	NKJP			RESULT	IM0006	Imke		1	
Eго взволновали.		Wiemer & Giger (2005)		RESULT	IM0007	Imke		1	
Он взволновался.		Wiemer & Giger (2005)		RESULT	IM0007	Imke		1	
Он взволнован.		Wiemer & Giger (2005)		RESULT	IM0007	Imke		1	ID23-25 sollten eine Gruppe bilden, die jedoch nicht aligniert ist
Adam był polskiego pochodzenia.	NKJP			NOMPRED	IM0008	Imke		1	
Bili smo dobre volje.	SP2005			NOMPRED	IM0009	Imke		1	
Первый сигнал был от Анны Егоровны.	NKRJa			NOMPRED	IM0010	Imke		1	
Skrzypce były bez strun.	NKJP			NOMPRED	IM0011	Imke		1	
Jedan je bio bez košulje.	SP2005			NOMPRED	IM0012	Imke		1	
Ci, którzy go znali, nie mieli wątpliwości, że umrze starym kawalerem.	NKJP			NOMPRED	IM0013	Imke		1	
А познакомились мы как врач и пациентка.	NKRJa			NOMPRED	IM0014	Imke	This example has been adapted from the original source.	1	
Przyznam się panu, że jako dziecko nienawidziłem łuskania fasoli.	NKJP			NOMPRED	IM0015	Imke	This example has been adapted from the original source.	1	
Ja evo danas nastupam kao mažoretkinja i sa jednom djevojčicom kao voditeljica programa.	hrWaC			NOMPRED	IM0016	Imke	This example has been adapted from the original source.	1	
Pogledajte svoju djevojčicu kao malu osobu za sebe, koja ima puno vrlina i koja se samo trenutno teško snalazi u školi.	hrWaC			NOMPRED	IM0016	Imke	This example has been adapted from the original source.	1	ID34+35 bilden ein Paar, das zwei unterschiedliche Arten von Kongruenz in derselben Konstruktion zeigt
Кирпич ни с того ни с сего ― внушительно перебил неизвестный ― никому и никогда на голову не свалится.	BM			PCOORD	IM0017	Imke	This example has been adapted from the original source.	1	
Андрей изловчился и с третьей попытки разбил камнем лампу [...]	NKRJa			PCOORD	IM0018	Imke	This example has been adapted from the original source.	1	
Как-то я сумел изловчиться и ударить её головой в нижнюю челюсть.	NKRJa			PCOORD	IM0018	Imke		1	
Не жаль таких вот или немного постарше парнишек, что тысячами бросают в бой [...]	NKRJa			RC	IM0019	Imke	This example has been adapted from the original source.	1	
Asi jste špatně rozuměl dopisu, co Vám poslali.		Fried (2010)		RC	IM0020	Imke		1	
A to nie jest ten co my widziałyśmy?	SPOKES	Guz (2017)		RC	IM0021	Imke		1	Guz (2017)
Мoże rozbrajaj najpierw te, co nie widać.	SPOKES	Guz (2017)		RC	IM0022	Imke		1	Guz (2017)
Якобы трейлеры с аппаратурой застряли где-то под Нижним Новгородом [...]	NKRJa			SPEC, IDEFIN	IM0023	Imke	This example has been adapted from the original source.	1	
Похоже, у организаторов что-то не заладилось с рекламой форума.	NKRJa			SPEC, IDEFIN	IM0024	Imke		1	
Но с приходом зимы как будто что-то с ними происходит [...]	NKRJa			SPEC, IDEFIN	IM0025	Imke	This example has been adapted from the original source.	1	
Здоровались. Наверное, считали меня своей, особо не задумываясь, мол, я здесь с кем-нибудь [...]	NKRJa			NSPEC, IDEFIN	IM0026	Imke	This example has been adapted from the original source.	1	
Наверно, и у него была какая-то неудача в личной жизни.	NKRJa			EPIST, IDEFIN	IM0027	Imke		1	
Знаешь, наверно, кто-нибудь из наших приятелей зашел, когда нас не было.	NKRJa			EPIST, IDEFIN	IM0028	Imke	This example has been adapted from the original source.	1	
Они вернулись, безусловно, успев за это время охватить еще какую-нибудь церковь.	NKRJa			EPIST, IDEFIN	IM0029	Imke		1	
Эти следы, несомненно, принадлежали какой-то нырковой особи.	NKRJa			EPIST, IDEFIN	IM0030	Imke		1	
Видимо, просто у него что-то не ладится, какие-нибудь сложности в группе, где он работает.	NKRJa			EPIST, IDEFIN	IM0031	Imke		1	
Widzewskie VIP-y odstraszyła cena – za sezon musieliby zapłacić 700 zł.	NKJP			DOM	IM0040	Imke	This example has been adapted from the original source.	1	
Między robotniki się wkręcił, którzy pracowali w obozie [...]	NKJP			DOM	IM0041	Imke	This example has been adapted from the original source.	1	
A doktory zamiast leczyć [...]	NKJP			DSM	IM0042	Imke	This example has been adapted from the original source.	1	
Może lepiej byłoby pójść na egzamin w marynarce. Stare profesory to czasem lubią, przekonasz się.	NKJP			DSM	IM0043	Imke		1	
Że dyżurne eksperty wprowadziłyby strach w społeczeństwie.	NKJP			DSM	IM0044	Imke		1	
Krytycznie też trzeba spojrzeć na autorytety i bohatery.	NKJP			DOM	IM0045	Imke		1	
Może także potrzebujecie odświeżyć wasze doktory z psychiatrii [...]	NKJP			DOM	IM0046	Imke	This example has been adapted from the original source.	1	
Syn uratował wnuki [...]	NKJP			DOM	IM0047	Imke	This example has been adapted from the original source.	1	
Ostatnio w Sandomierzu koło cmentarza, na którym w średniowieczu chowano wampiry, znaleziono porzuconą trumnę pochowanej sześć lat temu kobiety.	NKJP			DOM	IM0048	Imke		1	
Меня с моим поврежденным позвоночником почему-то положили на верхнюю полку.	Očyna (2010)			REFL	SB0001	Sandra	This example has been adapted from the original source.	1	
Были и такие женщины, что бросали работу и уезжали на поиски.	Očyna (2010)			RC, EXIST	SB0002	Sandra	This example has been adapted from the original source.	1	
Думаете, мужчинам приятно, когда вы шутите про носки под диваном, волосы в носу и тому подобное?	NKRJa			LOC	SB0003	Sandra		1	
Знакомая фамилия,― сказал Федор Иванович, задержав взгляд на тонком носе спортсмена.	NKRJa			LOC	SB0003	Sandra		1	Wie soll mehrfache Alignierung eines Beispiels markiert werden?
На носу сидели круглые очки.	NKRJa			LOC	SB0003	Sandra		1	
Свет падает Шулейкину на лицо, и шрам на носу словно налился кровью.	NKRJa			LOC	SB0003	Sandra		1	
Эта влага не покидает организм, а фильтруется и остаётся в носу.	NKRJa			LOC	SB0003	Sandra		1	
Носария, или Правила пользования выражениями о носе.	NKRJa			PREP	SB0004	Sandra		1	
Наверное, всё-таки не только в носе дело.	NKRJa			PREP	SB0005	Sandra		1	
Это был треугольник, вершина которого находилась в носе ― лица, которые более всего выражают глупость.	NKRJa			PREP	SB0006	Sandra	This example has been adapted from the original source.	1	
Мария же к тому времени давно забыла о разбитом носе.	NKRJa			PREP	SB0007	Sandra		1	
Вот, например, вышли вы из дома на работу ― с портфелем или не обязательно с портфелем, а с чем-то в руках.	NKRJa			GEN	SB0008	Sandra	This example has been adapted from the original source.	1	
Я ушёл из дому, на долгие годы порвал с друзьями, жил бог знает где и бог знает с кем.	NKRJa			GEN	SB0008	Sandra		1	
Вечером мы тихо сидели за чашкой чая.	NKRJa			GENPART	SB0009	Sandra		1	
Я налила себе чаю и подняла глаза на мужа: "Леш, тебе чай или кофе?"	NKRJa			GENPART	SB0009	Sandra		1	
Он из лесу вышел ― и увидел пустыню.	NKRJa			GEN	SB0010	Sandra	This example has been adapted from the original source.	1	
Однажды, Колюня сел на велосипед и поехал мимо леса, мимо поля.	NKRJa			GEN	SB0011	Sandra		1	
Занятия в летней школе проходят в первой половине дня, с 9 утра до часа дня.	NKRJa			GEN	SB0012	Sandra		1	
Он по опыту знает, как болят нетренированные мышцы даже после часа лыжной прогулки.	NKRJa			GEN	SB0012	Sandra		1	
Прошло около часа, если не больше.	NKRJa			GEN	SB0012	Sandra		1	
Стой возле метро Белорусская. Я буду с часу до двух.	NKRJa			GEN	SB0012	Sandra	This example has been adapted from the original source.	1	Wie soll mehrfache Alignierung eines Beispiels markiert werden?
Не думаю, что фанаты способны ради поездки на чемпионат совершить какое-нибудь безумство, например продать машину.	NKRJa			PREPOST	SB0013	Sandra		1	
Справедливости ради надо сказать, что многие проблемы уже решены.	NKRJa			PREPOST	SB0013	Sandra		1	
Обрѣтохъ недостоинъ сꙑ такъ даръ. ѥже ми сѧ поѹчѧти словесьмъ твоимъ дьнь и ношть.	NKRJa			RC	SB0014	Sandra	This example has been adapted from the original source.	1	
А король бѧшеть тогда впалъ в болесть великѹ. в неиже и сконча животъ свои. и положиша во цр҃кви ст҃ѣ Бц҃и. в Холмѣ юже бѣ самъ создалъ.	NKRJa			RC	SB0015	Sandra	This example has been adapted from the original source.	1	
Зимноє бо` времѧ бранѧ´ше мѹ ити къ римꙋ:	NKRJa			DAT-CTR	SB0016	Sandra		1	
Ходи Ꙗрославъ сн҃ъ Ст҃ополчь на Ꙗтьвѧгꙑ второє. и побѣди ꙗ.	NKRJa			POSS-ADJ	SB0017	Sandra	This example has been adapted from the original source.	1	
Томь (ж̑) · лѣ(т̑) · прѣстави сѧ ·ӏѡ҃а· сн҃ъ всѣволожь вънѹкъ мьстиславль.	NKRJa			POSS-ADJ	SB0018	Sandra		1	
Въ лѣ(т̑) ·҂ꙅ҃·ф҃·о͠ꙅ· гнѣвъ бж҃ии бꙑ(с̑) · придоша половци · и побѣдиша рꙋсьскѹю землю.	NKRJa			POSS-ADJ	SB0019	Sandra		1	
И минувшу лѣту, в лѣто 6496, иде Володимеръ с вои на Корсунь, град грѣчкый, и затворишася корсуняни въ градѣ.	NKRJa			DAT-ABS	SB0020	Sandra		1	→ ein zusammenhängender Text aus "Повҍсть врҍменьныхъ лҍтъ"
И изнемогаху людие въ градѣ, и рече Володимеръ к гражаномъ: «Аще ся не вдасте, имамъ стояти за три лѣта».	NKRJa			FUTUR	SB0021	Sandra		1	
Володимеръ же изряди воя своя и повелѣ приспу сыпати к граду.	NKRJa			OBJ-CTR	SB0022	Sandra		1	
Володимеръ же, се слыша, възрѣвъ на небо, и рече: «Аще ся сбудеть, се имамъ креститися».	NKRJa			FUTUR	SB0023	Sandra		1	
И ту абье повелѣ копати прекы трубамъ, и переяша воду.	NKRJa			OBJ-CTR	SB0024	Sandra		1	
Eгда приведоша моисѣꙗ пр(д)е фараѡн(а). и ркоша старци фараѡни сии хощеть смири(т). ѡбласть егупетьску. ꙗкоже и бы(с).	NKRJa			FUTUR	SB0026	Sandra	This example has been adapted from the original source.	1	
Ѹмершю бо тобѣ, инъ приимεє(т) и начнε(т) вεселитисѧ в семъ, а ты всює трꙋжялъсѧ бꙋдεши.	NKRJa			DAT-ABS	SB0027	Sandra		1	
Большинство сотрудников пришли на собрание.				AGR-NUM	SB0028	Sandra		1	
Большинство сотрудников пришло на собрание.				AGR-NUM	SB0028	Sandra		1	
Несколько сотрудников пришло на собрание.				AGR-NUM	SB0028	Sandra		1	
Несколько сотрудников пришли на собрание.				AGR-NUM	SB0029	Sandra		1	
Первые два мальчика пришли вовремя.				AGR-NUM	SB0030	Sandra		1	
Два умные мальчика пришли вовремя.				AGR-NUM	SB0031	Sandra		1	
Два умных малчика пришли вовремя.				AGR-NUM	SB0031	Sandra		1	
Две умные девушки пришли вовремя.				AGR-NUM	SB0032	Sandra		1	
Две умных девушки пришли вовремя.				AGR-NUM	SB0032	Sandra		1	
Два года прошло в напряжённой работе.				AGR-NUM	SB0033	Sandra		1	
Два президента сочинили новый экономический союз.				AGR-NUM	SB0034	Sandra		1	
Na crnom su tržištu za audije postizali cijenu do 8000 njemačkih maraka, a volkswagene i mercedese prodavali su za 3000 maraka.				NAME	SB0035	Sandra		1	
V katalogu byly i škodovky, fabie i octavie, fordy, volkswageny, různě silná volva, nějaké mercedesy a jeden tmavězelený jaguar.				NAME	SB0036	Sandra		1	
У него несколько мерседесов.				NAME	SB0037	Sandra		1	
lśniące od chromu amerykańskie limuzyny, eleganckie mercedesy, maleńkie fiaty, poza tym ople, peugeoty, volkswageny.				NAME	SB0038	Sandra		1	
Podporu přislíbili i manželé Novotní.				NAME	SB0039	Sandra		1	
Ивановы были в отпуске.				NAME	SB0040	Sandra		1	
Nowickie bardzo się chwaliły listem od Ciebie [...]				NAME	SB0041	Sandra	This example has been adapted from the original source.	1	
Tada je, naime, obitelj Lucić u Samobor doselila iz Posavine.				NAME	SB0042	Sandra		1	
A pak jsme šli do jedné restaurace a on poručil tři piva a vrchní je donesl.				INCOUNT	SB0044	Sandra		1	
Oн разбирается в винах.				INCOUNT	SB0045	Sandra		1	
Bratr je zdráv.				SF-ADJ	SB0047	Sandra		1	
Bratr je zdrávý.				LF-ADJ	SB0047	Sandra		1	
Ovaj se vidi kao novoga gradonačelnika.				LF-ADJ	SB0048	Sandra		1	
Zagreb u srijedu dobiva novoga gradonačelnika.				LF-ADJ	SB0048	Sandra		1	
Брат здоров.				SF-ADJ	SB0049	Sandra		1	
Брат здоровый.				LF-ADJ	SB0049	Sandra		1	
On nejhezčí taxikář.				GRAD	SB0050	Sandra		1	
Bylo opatřeno novou matrací, potaženou černým voskovaným plátnem a dvěma tvrdými polštáři pod hlavu.				PASS, AGR-NUM	SB0051	Sandra		1	
Jesteś dla mnie najważniejszą osobą na świecie.				GRAD, NOMPRED	SB0052	Sandra		1	
Dziennikarz przytacza co pikantniejsze czy głupsze notki prasowe.				GRAD	SB0053	Sandra		1	
В прошлом году много детей занималось настольным теннисом.				AGR-NUM	SB0055	Sandra		1	
На уроках по лингвистике обсуждают новейшие теории.				GRAD	SB0056	Sandra		1	
Jedino što sam htio bilo je da napišem dobru knjigu.				COMP	SB0057	Sandra		1	
Rád bych si s vámi pohovořil.				AGRSEM	SB0059	Sandra		1	
Bio bih pristao da sam bio uvjeren.				COMP	SB0060	Sandra	This example has been adapted from the original source.	1	
Dům se staví.				PASS	SB0061	Sandra		1	
Ale ono se nemusí jezdit někam daleko.				DUMMY	SB0062	Sandra		1	
Dopis byl psán.				PASS	SB0063	Sandra		1	
Dopis je napsán.				PASS, RESULT	SB0063	Sandra		1	
Dopis je psán.				PASS, RESULT	SB0063	Sandra		1	
Dům je stavěn.				PASS	SB0064	Sandra		1	
Kniha bude zaplacena.				PASS	SB0065	Sandra	This example has been adapted from the original source.	1	
Kniha byla zaplacena.				PASS	SB0065	Sandra	This example has been adapted from the original source.	1	
Tko ulazi kao kandidat za budućeg papu ― tko je papabile ― taj obično ne biva izabran.				PASS	SB0066	Sandra	This example has been adapted from the original source.	1	
Ostali koji su iste večeri bili prevezeni u bolnicu, pušteni su kući.				PASS, RESULT	SB0067	Sandra		1	
U književnosti je taj problem često obrađivan.				PASS, ITER	SB0068	Sandra		1	
Do ljeta situacija mora biti sređena.				PASS	SB0069	Sandra		1	
Саша моется в ванне.				POSTFIX, REFL	SB0070	Sandra		1	
Я учусь в университете.				POSTFIX	SB0071	Sandra		1	
Женя научился правописанию.				POSTFIX	SB0072	Sandra		1	
Dr. Goreta je zaključio da Glasnović nije imao kontrolu nad sobom.				COMP	SB0073	Sandra		1	
Arek się myje w wannie.				REFL, REFCLIT	SB0074	Sandra		1	
Jak się pisze pana nazwisko?				PASS, REFCLIT	SB0075	Sandra		1	
Kasia boi się psów.				REFCLIT	SB0076	Sandra	This example has been adapted from the original source.	1	
Ania nauczyła się ortografii.				REFCLIT	SB0077	Sandra		1	
Żołnierze przestali otrzymywać listy z domu.				COMP	SB0078	Sandra	This example has been adapted from the original source.	1	
Hodně se spolu nasmáli.				REFCLIT	SB0079	Sandra		1	
Objali se a vášnivě políbili.				REFCLIT	SB0080	Sandra		1	
Toho muže už nebylo vidět, vyšel na ulici.				MOD	SB0081	Sandra		1	
Přijel jsem blíže a pořádně se rozhlédl. Uviděl jsem jezero.				REFCLIT	SB0082	Sandra		1	
Seděl na schodech a oddával se pochmurným myšlenkám.				REFCLIT	SB0083	Sandra		1	
Oni sami napišu što misle o sebi.				COMP	SB0084	Sandra		1	
My zůstáváme mezi sebou.				REFL	SB0085	Sandra	This example has been adapted from the original source.	1	
Vy zůstáváte mezi sebou.				REFL	SB0085	Sandra	This example has been adapted from the original source.	1	
Opowiadałam o sobie.				REFL	SB0086	Sandra	This example has been adapted from the original source.	1	
Opowiadałem o sobie.				REFL	SB0086	Sandra	This example has been adapted from the original source.	1	
Ty opowiadałaś o sobie.				REFL	SB0086	Sandra	This example has been adapted from the original source.	1	
Ty opowiadałeś o sobie.				REFL	SB0086	Sandra	This example has been adapted from the original source.	1	
Он рассказывал о себе.				REFL	SB0086	Sandra	This example has been adapted from the original source.	1	
Она рассказывала о себе.				REFL	SB0086	Sandra	This example has been adapted from the original source.	1	
Старик рассказывал о себе.				REFL	SB0086	Sandra	This example has been adapted from the original source.	1	
Старуха рассказывала о себе.				REFL	SB0086	Sandra	This example has been adapted from the original source.	1	
Ты рассказывал о себе.				REFL	SB0086	Sandra	This example has been adapted from the original source.	1	
Ты рассказывала о себе.				REFL	SB0086	Sandra	This example has been adapted from the original source.	1	
Я рассказывал о себе.				REFL	SB0086	Sandra	This example has been adapted from the original source.	1	
Я рассказывала о себе.				REFL	SB0086	Sandra	This example has been adapted from the original source.	1	
Trojica boraca su došla.				AGR-NUM	SB0087	Sandra		1	
Это мое дитя. Ее зовут Лена.				AGRSEM	SB0088	Sandra		1	
Это наш новый психолог. Он является специалистом по возрастной психологии.				AGRSEM	SB0089	Sandra		1	
Это наш новый психолог. Она является специалистом по возрастной психологии.				AGRSEM	SB0089	Sandra		1	
Это наша новая психолог. Она является специалистом по возрастной психологии.				AGRSEM	SB0089	Sandra		1	
Uglednik se na jezik modernoga doba prevodi kao VIP.				REFCLIT	SB0090	Sandra		1	
Měřily se somatické parametry ― tělesná výška, obvod hlavy, obvod hrudníku.				REFCLIT, PASS	SB0091	Sandra	This example has been adapted from the original source.	1	
Taxi zastavilo před hotelem.				AGRSEM	SB0092	Sandra		1	
Istotnie, młode szympansy wydają się nam niezwykle podobne do ludzkich niemowląt.				REFCLIT	SB0093	Sandra		1	
Sindikati su nezadavoljni predloženim programom.				NOMPRED	SB0094	Sandra		1	
Mnoge reakcije bile vrlo negativne.				NOMPRED	SB0095	Sandra		1	
To su otvorena pitanja.				NOMPRED	SB0096	Sandra		1	
Existuje mnoho malých čaker, ale pouze sedm hlavních, z nichž každá odpovídá jedné barvě světelného spektra.				AGR-NUM	SB0097	Sandra		1	
Jučer smo čitale knjigu.				AGRSEM	SB0098	Sandra	This example has been adapted from the original source.	1	diese Beispiele sollten parallel geführt werden
Jučer smo čitali knjigu.				AGRSEM	SB0098	Sandra	This example has been adapted from the original source.	1	diese Beispiele sollten parallel geführt werden
Včera jsme četli knihu.				AGRSEM	SB0098	Sandra	This example has been adapted from the original source.	1	diese Beispiele sollten parallel geführt werden
Včera jsme četly knihu.				AGRSEM	SB0098	Sandra	This example has been adapted from the original source.	1	diese Beispiele sollten parallel geführt werden
Wczoraj czytaliśmy książkę.				AGRSEM	SB0098	Sandra	This example has been adapted from the original source.	1	diese Beispiele sollten parallel geführt werden
Wczoraj czytałyśmy książkę.				AGRSEM	SB0098	Sandra	This example has been adapted from the original source.	1	diese Beispiele sollten parallel geführt werden
Вчера мы читали книгу.				AGRSEM	SB0098	Sandra		1	diese Beispiele sollten parallel geführt werden
To mój kolega z czasów, gdy pracowaliśmy w dziennikarskim fachu we Lwowie.				NOMPRED	SB0099	Sandra		1	
Znajomy dał mi swój nowy numer telefonu, pożegnał się i poszedł.				POSS	SB0100	Sandra		1	
Organizator putovanja bila je moja malenkost.				NOMPRED	SB0101	Sandra		1	
Czeka na pana jakiś mężczyzna.				IDEFIN	SB0102	Sandra		1	
Uvjeren sam da je Mirko došao.				COMP	SB0103	Sandra	This example has been adapted from the original source.	1	diese Beispiele sollten parallel geführt werden
Jestem przekonany, że Michał już przyszedł.				COMP	SB0104	Sandra		1	diese Beispiele sollten parallel geführt werden
Jsem přesvědčen, že Michal už přišel.				COMP	SB0104	Sandra		1	diese Beispiele sollten parallel geführt werden
Когда начнутся зимние каникулы, Ивановы поедут в отпуск.				NAME	SB0105	Sandra		1	
Соня сообщила, что она сегодня не может прийти.				COMP	SB0106	Sandra		1	
Była wiosna, gdy odwiedzili nas Nowakowie.				NAME	SB0107	Sandra		1	
Marek wierzy, że zda ten egzamin.				COMP	SB0108	Sandra		1	
Chcę wiedzieć, co myśli Michał.				COMP	SB0109	Sandra		1	
Chci vědět, co si Michal myslí.				COMP	SB0109	Sandra		1	
Zanima me što Mirko misli.				COMP	SB0109	Sandra		1	
Я хочу узнать, что думает Миша.				COMP	SB0109	Sandra		1	
Mógłby pan otworzyć okno?				SA-DIR	SB0110	Sandra		1	
Mohli byste otevřít okno?				SA-DIR	SB0110	Sandra		1	
Možete li otvoriti prozor?				SA-DIR	SB0110	Sandra		1	
Вы не могли бы открыть окно?				SA-DIR	SB0110	Sandra		1	
Čitaj ovu knjigu!				SA-DIR	SB0111	Sandra	This example has been adapted from the original source.	1	
Čitajte ovu knjigu!				SA-DIR	SB0111	Sandra	This example has been adapted from the original source.	1	
Czytaj tę książkę!				SA-DIR	SB0111	Sandra	This example has been adapted from the original source.	1	
Czytajcie tę książkę!				SA-DIR	SB0111	Sandra	This example has been adapted from the original source.	1	
Přečtěte tuto knihu!				SA-DIR	SB0111	Sandra	This example has been adapted from the original source.	1	
Přečti tuto knihu!				SA-DIR	SB0111	Sandra	This example has been adapted from the original source.	1	
Читай эту книгу!				SA-DIR	SB0111	Sandra	This example has been adapted from the original source.	1	
Читайте эту книгу!				SA-DIR	SB0111	Sandra	This example has been adapted from the original source.	1	
Уберите комнату!				SA-DIR	SB0112	Sandra		1	